<?xml version="1.0" encoding="UTF-8"?>
<!DOCTYPE xml>
<Configuration status="WARN">
	<Properties>
		<Property name="log-path">/var/log/RojgarAdminServer/logs</Property>
		<Property name="log-path-archive">/var/log/RojgarAdminServer/logs/archive</Property>
	</Properties>
	<Appenders>
		<Console name="console-log" target="SYSTEM_OUT">
			<PatternLayout
				pattern="[%-5level] %d{yyyy-MM-dd HH:mm:ss.SSS} [%t] %c{1} - %msg%n" />
		</Console>
		<RollingFile name="app-log"
			fileName="${log-path}/application.log"
			filePattern="${log-path-archive}/application-%d{yyyy-MM-dd HH:mm:ss}.log">
			<PatternLayout>
				<pattern>[%-5level] %d{yyyy-MM-dd HH:mm:ss} %C %L %M [%t] %c{1}:%L - %msg%n</pattern>
			</PatternLayout>
			<Policies>
				<SizeBasedTriggeringPolicy size="500MB" />
			</Policies>
		</RollingFile>
		<RollingFile name="request-log"
			fileName="${log-path}/request.log"
			filePattern="${log-path}/request-log-%d{yyyy-MM-dd HH:mm:ss}.log">
			<PatternLayout>
				<pattern>[%-5level] %d{yyyy-MM-dd HH:mm:ss} %C %L %M [%t] %c{1}:%L - %msg%n</pattern>
			</PatternLayout>
			<Policies>
				<SizeBasedTriggeringPolicy size="20MB" />
			</Policies>
		</RollingFile>
		<RollingFile name="exception-log"
			fileName="${log-path}/exception.log"
			filePattern="${log-path}/exception-log-%d{yyyy-MM-dd HH:mm:ss}.log">
			<PatternLayout>
				<pattern>[%-5level] %d{yyyy-MM-dd HH:mm:ss} %C %L %M  [%t] %c{1}:%L - %msg%n</pattern>
			</PatternLayout>
			<Policies>
				<SizeBasedTriggeringPolicy size="10MB" />
			</Policies>
		</RollingFile>
		<RollingFile name="requrl-log"
			fileName="${log-path}/requrl.log"
			filePattern="${log-path}/requrl-log-%d{yyyy-MM-dd HH:mm:ss}.log">
			<PatternLayout>
				<pattern>[%-5level] %d{yyyy-MM-dd HH:mm:ss} [%t] %c{1}:%L - %msg%n</pattern>
			</PatternLayout>
			<Policies>
				<SizeBasedTriggeringPolicy size="10MB" />
			</Policies>
		</RollingFile>
		
	</Appenders>
	
	<Loggers>
		<Logger name="com.digismart" level="info" additivity="false">
			<appender-ref ref="app-log" level="info" />
		</Logger>
		<Logger name="request-log" level="info" additivity="false">
			<appender-ref ref="request-log" level="info" />
		</Logger>
		<Logger name="exception-log" level="info" additivity="false">
			<appender-ref ref="exception-log" level="info" />
		</Logger>
		<Logger name="requrl-log" level="info" additivity="false">
			<appender-ref ref="requrl-log" level="info" />
		</Logger>
		<Root level="info" additivity="false">
			<AppenderRef ref="console-log" />
		</Root>
	</Loggers>
</Configuration>
